<?xml version="1.0" encoding="UTF-8"?>
<beans xmlns="http://www.springframework.org/schema/beans"
       xmlns:xsi="http://www.w3.org/2001/XMLSchema-instance"
       xmlns:context="http://www.springframework.org/schema/context"
       xmlns:task="http://www.springframework.org/schema/task"
       xsi:schemaLocation="http://www.springframework.org/schema/beans
	   					   http://www.springframework.org/schema/beans/spring-beans.xsd
                           http://www.springframework.org/schema/context
                           http://www.springframework.org/schema/context/spring-context-3.0.xsd
                           http://www.springframework.org/schema/task
                           http://www.springframework.org/schema/task/spring-task-3.1.xsd
	   					   ">
    <context:annotation-config />
    <context:component-scan base-package="org.study.mq.rocketMQ.dt"/>
    <task:annotation-driven />

    <!--数据库1访问的相关配置-->
    <bean id="dataSource" class="org.apache.commons.dbcp.BasicDataSource" destroy-method="close">
        <property name="driverClassName" value="com.mysql.jdbc.Driver"/>
        <property name="url" value="jdbc:mysql://127.0.0.1:3306/dt1"/>
        <property name="username" value="root"/>
        <property name="password" value="123456"/>
    </bean>
    <bean id="jdbcTemplate" class="org.springframework.jdbc.core.JdbcTemplate">
        <property name="dataSource">
            <ref bean="dataSource"></ref>
        </property>
    </bean>
    <bean id="userDao" class="org.study.mq.rocketMQ.dt.dao.UserDao">
        <property name="jdbcTemplate">
            <ref bean="jdbcTemplate"></ref>
        </property>
    </bean>

    <!--数据库2访问的相关配置-->
    <bean id="dataSource2" class="org.apache.commons.dbcp.BasicDataSource" destroy-method="close">
        <property name="driverClassName" value="com.mysql.jdbc.Driver"/>
        <property name="url" value="jdbc:mysql://127.0.0.1:3306/dt2"/>
        <property name="username" value="root"/>
        <property name="password" value="123456"/>
    </bean>
    <bean id="jdbcTemplate2" class="org.springframework.jdbc.core.JdbcTemplate">
        <property name="dataSource">
            <ref bean="dataSource2"></ref>
        </property>
    </bean>
    <bean id="pointDao" class="org.study.mq.rocketMQ.dt.dao.PointDao">
        <property name="jdbcTemplate">
            <ref bean="jdbcTemplate2"></ref>
        </property>
    </bean>

    <!--消息生产者-->
    <bean id="userLocalTransactionListener" class="org.study.mq.rocketMQ.dt.message.UserLocalTransactionListener" />

    <bean id="producer" class="org.study.mq.rocketMQ.dt.message.TransactionSpringProducer" init-method="init" destroy-method="destroy">
        <constructor-arg name="nameServerAddress" value="localhost:9876"/>
        <constructor-arg name="producerGroupName" value="transaction_spring_producer_group"/>
        <constructor-arg name="corePoolSize" value="2"/>
        <constructor-arg name="maximumPoolSize" value="5"/>
        <constructor-arg name="keepAliveTime" value="1000"/>
        <constructor-arg name="transactionListener" ref="userLocalTransactionListener"/>
    </bean>

    <!--消息消费者-->
    <bean id="messageListener" class="org.study.mq.rocketMQ.dt.message.TransactionMessageListener" />
    <bean id="consumer" class="org.study.mq.rocketMQ.dt.message.TransactionSpringConsumer" init-method="init" destroy-method="destroy">
        <constructor-arg name="nameServerAddress" value="localhost:9876"/>
        <constructor-arg name="consumerGroupName" value="transaction_consumer_group4"/>
        <constructor-arg name="topicName" value="distributed_transaction_spring_topic" />
        <constructor-arg name="messageListener" ref="messageListener" />
    </bean>
</beans>