<?xml version="1.0" encoding="UTF-8"?>
<beans xmlns="http://www.springframework.org/schema/beans"
       xmlns:xsi="http://www.w3.org/2001/XMLSchema-instance"
       xmlns:context="http://www.springframework.org/schema/context"
       xmlns:task="http://www.springframework.org/schema/task"
       xsi:schemaLocation="http://www.springframework.org/schema/beans
	   					   http://www.springframework.org/schema/beans/spring-beans.xsd
                           http://www.springframework.org/schema/context
                           http://www.springframework.org/schema/context/spring-context-3.0.xsd
                           http://www.springframework.org/schema/task
                           http://www.springframework.org/schema/task/spring-task-3.1.xsd
	   					   ">
    <context:annotation-config />
    <context:component-scan base-package="org.study.mq.activeMQ.dt"/>
    <task:annotation-driven />

    <!--数据库1访问的相关配置-->
    <bean id="dataSource" class="org.apache.commons.dbcp.BasicDataSource" destroy-method="close">
        <property name="driverClassName" value="com.mysql.jdbc.Driver"/>
        <property name="url" value="jdbc:mysql://127.0.0.1:3306/dt1"/>
        <property name="username" value="root"/>
        <property name="password" value="123456"/>
    </bean>
    <bean id="jdbcTemplate" class="org.springframework.jdbc.core.JdbcTemplate">
        <property name="dataSource">
            <ref bean="dataSource"></ref>
        </property>
    </bean>
    <bean id="userDao" class="org.study.mq.activeMQ.dt.dao.UserDao">
        <property name="jdbcTemplate">
            <ref bean="jdbcTemplate"></ref>
        </property>
    </bean>
    <bean id="userEventDao" class="org.study.mq.activeMQ.dt.dao.UserEventDao">
        <property name="jdbcTemplate">
            <ref bean="jdbcTemplate"></ref>
        </property>
    </bean>

    <!--数据库2访问的相关配置-->
    <bean id="dataSource2" class="org.apache.commons.dbcp.BasicDataSource" destroy-method="close">
        <property name="driverClassName" value="com.mysql.jdbc.Driver"/>
        <property name="url" value="jdbc:mysql://127.0.0.1:3306/dt2"/>
        <property name="username" value="root"/>
        <property name="password" value="123456"/>
    </bean>
    <bean id="jdbcTemplate2" class="org.springframework.jdbc.core.JdbcTemplate">
        <property name="dataSource">
            <ref bean="dataSource2"></ref>
        </property>
    </bean>
    <bean id="pointDao" class="org.study.mq.activeMQ.dt.dao.PointDao">
        <property name="jdbcTemplate">
            <ref bean="jdbcTemplate2"></ref>
        </property>
    </bean>
    <bean id="pointEventDao" class="org.study.mq.activeMQ.dt.dao.PointEventDao">
        <property name="jdbcTemplate">
            <ref bean="jdbcTemplate2"></ref>
        </property>
    </bean>

    <!--JMS 相关配置-->
    <bean id="activeMQConnectionFactory" class="org.apache.activemq.ActiveMQConnectionFactory">
        <property name="brokerURL" value="tcp://localhost:61616"/>
    </bean>
    <bean id="cachedConnectionFactory" class="org.springframework.jms.connection.CachingConnectionFactory">
        <property name="targetConnectionFactory" ref="activeMQConnectionFactory"/>
        <property name="sessionCacheSize" value="10"/>
    </bean>
    <bean id="topicDistributedTransaction" class="org.apache.activemq.command.ActiveMQTopic">
        <constructor-arg index="0" value="topic-distributed-transaction"/>
    </bean>
    <bean id="jmsTemplate" class="org.springframework.jms.core.JmsTemplate">
        <property name="connectionFactory" ref="cachedConnectionFactory"/>
        <property name="defaultDestination" ref="topicDistributedTransaction"/>
    </bean>
    <bean id="pointMessageListener" class="org.study.mq.activeMQ.dt.listener.PointMessageListener"/>
    <bean id="topicContainer"
          class="org.springframework.jms.listener.DefaultMessageListenerContainer">
        <property name="connectionFactory" ref="cachedConnectionFactory"/>
        <property name="destination" ref="topicDistributedTransaction"/>
        <property name="messageListener" ref="pointMessageListener"/>
    </bean>

</beans>