<?xml version="1.0" encoding="UTF-8"?>  
<!DOCTYPE sqlMap  
PUBLIC "-//iBATIS.com//DTD SQL Map 2.0//EN"  
"http://www.ibatis.com/dtd/sql-map-2.dtd">
<sqlMap namespace="User">
	<typeAlias alias="user" type="com.itmyhome.User" />
	<!-- 查询 -->
	<select id="getUser" parameterClass="java.lang.Integer" resultClass="user">
		<![CDATA[
		    select name,age from user where id = #id#
		]]>
	</select>
	<!-- 插入 -->
	<insert id="insertUser" parameterClass="user">
		    insert into user values(#id#,#name#,#age#)
	</insert>
	<!-- 更新 -->
	<update id="updateUser" 
		    parameterClass="user"> 
		<![CDATA[
			update user 
			SET name=#name#, age=#age#
			WHERE id = #id# 
		]]>
	</update>
	<!-- 删除 -->
	<delete id="deleteUser" parameterClass="java.lang.Integer">
			delete from user where id = #id# 
	</delete>
</sqlMap>