<?xml version="1.0" encoding="UTF-8"?>


<!--status  Configuration后面的status，这个用于设置log4j2自身内部的信息输出，可以不设置，当设置成trace时，
 你会看到log4j2内部各种详细输出。可以设置成OFF(关闭)或Error(只输出错误信息)-->
<!--monitorInterval：Log4j能够自动检测修改配置 文件和重新配置本身，设置间隔秒数-->
<configuration status="error" monitorInterval="30">

    <!-- 日志文件目录和压缩文件目录配置 -->
    <Properties>
        <Property name="level">info</Property>
        <Property name="fileName">/Users/healerjean/Desktop/logs</Property>
        <Property name="fileGz">/Users/healerjean/Desktop/logs/gz</Property>
        <Property name="LOG_PATTERN">
            %d{yyyy-MM-dd HH:mm:ss} %-5level -[%-32X{REQ_UID}]- %msg%xEx %logger{36}.%M[%L]%n
        </Property>
    </Properties>


    <appenders>
        <console name="Console" target="SYSTEM_OUT">
            <!--控制台只输出level及以上级别的信息（onMatch），其他的直接拒绝（onMismatch）-->
            <ThresholdFilter level="${level}" onMatch="ACCEPT" onMismatch="NEUTRAL"/>
            <!--输出日志的格式-->
            <PatternLayout pattern="${LOG_PATTERN}"/>
        </console>


        <!-- 这个会打印出所有的info及以下级别的信息，每次大小超过size，则这size大小的日志会自动存入按年份-月份建立的文件夹下面并进行压缩，作为存档-->
        <RollingRandomAccessFile name="infoFile" fileName="${fileName}/hlj-server-provider-2001.log"
                                 filePattern="${fileGz}/$${date:yyyy-MM}/%d{yyyy-MM-dd}-%i.hlj-server-provider-2001.gz">
            <PatternLayout pattern="${LOG_PATTERN}"/>
            <Policies>
                <!-- 基于指定文件大小的滚动策略，size属性用来定义每个日志文件的大小 -->
                <SizeBasedTriggeringPolicy size="500 MB"/>
                <!-- 基于时间的滚动策略，interval属性用来指定多久滚动一次，默认是1 hour -->
                <TimeBasedTriggeringPolicy interval="6" modulate="true"/>
            </Policies>
            <Filters>
                <!--控制台只输出level及以上级别的信息（onMatch），其他的直接拒绝（onMismatch）
                onMatch属性设置为DENY，过滤掉高等级的日志；onMismatch设置为NEUTRAL，把低等级的日志放行，
                -->
                <ThresholdFilter level="error" onMatch="ACCEPT" onMismatch="NEUTRAL"/>
                <ThresholdFilter level="info" onMatch="ACCEPT" onMismatch="DENY"/>
            </Filters>
            <!-- 指定每天(文件夹是以天的，看上面的)的最大压缩包个数，默认7个，超过了会覆盖之前的(用来指定同一个文件夹下最多有几个日志文件时开始删除最旧的，创建新的(通过max属性)) -->
            <DefaultRolloverStrategy max="2000"/>
        </RollingRandomAccessFile>

    </appenders>


    <!--然后定义logger，只有定义了logger并引入的appender，appender才会生效-->

    <loggers>
        <!-- AsyncRoot - 异步记录日志 - 需要LMAX Disruptor的支持 -->
        <!-- additivity如果设置为true将会输出两次日志，意思和log4j里面意思是否追加 -->
        <AsyncRoot level="${level}" additivity="false" includeLocation="true">
            <AppenderRef ref="Console"/>
            <AppenderRef ref="infoFile"/>
        </AsyncRoot>
    </loggers>


</configuration>
