<?xml version="1.0" encoding="UTF-8"?>
<beans xmlns="http://www.springframework.org/schema/beans"
       xmlns:xsi="http://www.w3.org/2001/XMLSchema-instance"
       xmlns:context="http://www.springframework.org/schema/context"
       xmlns:mvc="http://www.springframework.org/schema/mvc"
       xsi:schemaLocation="http://www.springframework.org/schema/beans
                        http://www.springframework.org/schema/beans/spring-beans-3.1.xsd
                        http://www.springframework.org/schema/context
                        http://www.springframework.org/schema/context/spring-context-3.1.xsd
                        http://www.springframework.org/schema/mvc
                        http://www.springframework.org/schema/mvc/spring-mvc-4.3.xsd
    ">
    <context:component-scan base-package="org.study.mq.kafka.secondKill"/>

    <bean class="org.springframework.web.servlet.mvc.method.annotation.RequestMappingHandlerAdapter">
        <property name="messageConverters">
            <list>
                <bean class="org.springframework.http.converter.json.MappingJackson2HttpMessageConverter"/>
                <bean class="org.springframework.http.converter.StringHttpMessageConverter">
                    <property name="supportedMediaTypes">
                        <list>
                            <value>text/plain;charset=utf-8</value>
                            <value>text/html;charset=UTF-8</value>
                        </list>
                    </property>
                </bean>
            </list>
        </property>
    </bean>
    <mvc:annotation-driven/>
    <mvc:default-servlet-handler/>

    <!-- springmvc 配置-->
    <bean class="org.springframework.web.servlet.mvc.method.annotation.RequestMappingHandlerAdapter">
        <property name="messageConverters">
            <list>
                <bean
                        class="org.springframework.http.converter.StringHttpMessageConverter">
                    <property name="supportedMediaTypes">
                        <list>
                            <value>application/json;charset=utf-8</value>
                        </list>
                    </property>
                </bean>
            </list>
        </property>
    </bean>
    <bean class="org.springframework.web.servlet.view.InternalResourceViewResolver">
        <property name="prefix" value="/page/"/>
        <property name="suffix" value=".html"/>
    </bean>

    <!-- redis 配置 -->
    <bean id="poolConfig" class="redis.clients.jedis.JedisPoolConfig">
        <property name="maxIdle" value="300"/>
        <property name="maxTotal" value="600"/>
        <property name="maxWaitMillis" value="1000"/>
        <property name="testOnBorrow" value="true"/>
    </bean>
    <bean id="jedisPool" class="redis.clients.jedis.JedisPool" destroy-method="destroy" depends-on="poolConfig">
        <constructor-arg name="poolConfig" ref="poolConfig"/>
        <constructor-arg name="host" value="localhost"/>
        <constructor-arg name="port" value="6379"/>
    </bean>

</beans>